zip,territory,color
10001,Manhattan,#4e79a7
10002,Manhattan,#4e79a7
10003,Manhattan,#4e79a7
10004,Manhattan,#4e79a7
10005,Manhattan,#4e79a7
10006,Manhattan,#4e79a7
10007,Manhattan,#4e79a7
10009,Manhattan,#4e79a7
10010,Manhattan,#4e79a7
10011,Manhattan,#4e79a7
10012,Manhattan,#4e79a7
10013,Manhattan,#4e79a7
10014,Manhattan,#4e79a7
10016,Manhattan,#4e79a7
10017,Manhattan,#4e79a7
10018,Manhattan,#4e79a7
10019,Manhattan,#4e79a7
10020,Manhattan,#4e79a7
10021,Manhattan,#4e79a7
10022,Manhattan,#4e79a7
10023,Manhattan,#4e79a7
10024,Manhattan,#4e79a7
10025,Manhattan,#4e79a7
10026,Manhattan,#4e79a7
10027,Manhattan,#4e79a7
10028,Manhattan,#4e79a7
10029,Manhattan,#4e79a7
10030,Manhattan,#4e79a7
10031,Manhattan,#4e79a7
10032,Manhattan,#4e79a7
10033,Manhattan,#4e79a7
10034,Manhattan,#4e79a7
10035,Manhattan,#4e79a7
10036,Manhattan,#4e79a7
10037,Manhattan,#4e79a7
10038,Manhattan,#4e79a7
10039,Manhattan,#4e79a7
10040,Manhattan,#4e79a7
10044,Manhattan,#4e79a7
10065,Manhattan,#4e79a7
10069,Manhattan,#4e79a7
10075,Manhattan,#4e79a7
10103,Manhattan,#4e79a7
10110,Manhattan,#4e79a7
10111,Manhattan,#4e79a7
10112,Manhattan,#4e79a7
10115,Manhattan,#4e79a7
10119,Manhattan,#4e79a7
10128,Manhattan,#4e79a7
10152,Manhattan,#4e79a7
10153,Manhattan,#4e79a7
10154,Manhattan,#4e79a7
10162,Manhattan,#4e79a7
10165,Manhattan,#4e79a7
10167,Manhattan,#4e79a7
10168,Manhattan,#4e79a7
10169,Manhattan,#4e79a7
10170,Manhattan,#4e79a7
10171,Manhattan,#4e79a7
10172,Manhattan,#4e79a7
10173,Manhattan,#4e79a7
10174,Manhattan,#4e79a7
10177,Manhattan,#4e79a7
10199,Manhattan,#4e79a7
10271,Manhattan,#4e79a7
10278,Manhattan,#4e79a7
10279,Manhattan,#4e79a7
10280,Manhattan,#4e79a7
10282,Manhattan,#4e79a7
10301,Bronx & Staten Island,#b07aa1
10302,Bronx & Staten Island,#b07aa1
10303,Bronx & Staten Island,#b07aa1
10304,Bronx & Staten Island,#b07aa1
10305,Bronx & Staten Island,#b07aa1
10306,Bronx & Staten Island,#b07aa1
10307,Bronx & Staten Island,#b07aa1
10308,Bronx & Staten Island,#b07aa1
10309,Bronx & Staten Island,#b07aa1
10310,Bronx & Staten Island,#b07aa1
10311,Bronx & Staten Island,#b07aa1
10312,Bronx & Staten Island,#b07aa1
10314,Bronx & Staten Island,#b07aa1
10451,Bronx & Staten Island,#b07aa1
10452,Bronx & Staten Island,#b07aa1
10453,Bronx & Staten Island,#b07aa1
10454,Bronx & Staten Island,#b07aa1
10455,Bronx & Staten Island,#b07aa1
10456,Bronx & Staten Island,#b07aa1
10457,Bronx & Staten Island,#b07aa1
10458,Bronx & Staten Island,#b07aa1
10459,Bronx & Staten Island,#b07aa1
10460,Bronx & Staten Island,#b07aa1
10461,Bronx & Staten Island,#b07aa1
10462,Bronx & Staten Island,#b07aa1
10463,Bronx & Staten Island,#b07aa1
10464,Bronx & Staten Island,#b07aa1
10465,Bronx & Staten Island,#b07aa1
10466,Bronx & Staten Island,#b07aa1
10467,Bronx & Staten Island,#b07aa1
10468,Bronx & Staten Island,#b07aa1
10469,Bronx & Staten Island,#b07aa1
10470,Bronx & Staten Island,#b07aa1
10471,Bronx & Staten Island,#b07aa1
10472,Bronx & Staten Island,#b07aa1
10473,Bronx & Staten Island,#b07aa1
10474,Bronx & Staten Island,#b07aa1
10475,Bronx & Staten Island,#b07aa1
11201,Brooklyn,#f28e2b
11203,Brooklyn,#f28e2b
11204,Brooklyn,#f28e2b
11205,Brooklyn,#f28e2b
11206,Brooklyn,#f28e2b
11207,Brooklyn,#f28e2b
11208,Brooklyn,#f28e2b
11209,Brooklyn,#f28e2b
11210,Brooklyn,#f28e2b
11211,Brooklyn,#f28e2b
11212,Brooklyn,#f28e2b
11213,Brooklyn,#f28e2b
11214,Brooklyn,#f28e2b
11215,Brooklyn,#f28e2b
11216,Brooklyn,#f28e2b
11217,Brooklyn,#f28e2b
11218,Brooklyn,#f28e2b
11219,Brooklyn,#f28e2b
11220,Brooklyn,#f28e2b
11221,Brooklyn,#f28e2b
11222,Brooklyn,#f28e2b
11223,Brooklyn,#f28e2b
11224,Brooklyn,#f28e2b
11225,Brooklyn,#f28e2b
11226,Brooklyn,#f28e2b
11228,Brooklyn,#f28e2b
11229,Brooklyn,#f28e2b
11230,Brooklyn,#f28e2b
11231,Brooklyn,#f28e2b
11232,Brooklyn,#f28e2b
11233,Brooklyn,#f28e2b
11234,Brooklyn,#f28e2b
11235,Brooklyn,#f28e2b
11236,Brooklyn,#f28e2b
11237,Brooklyn,#f28e2b
11238,Brooklyn,#f28e2b
11239,Brooklyn,#f28e2b
11249,Brooklyn,#f28e2b
11001,Queens,#59a14f
11003,Queens,#59a14f
11004,Queens,#59a14f
11005,Queens,#59a14f
11010,Queens,#59a14f
11020,Queens,#59a14f
11021,Queens,#59a14f
11023,Queens,#59a14f
11024,Queens,#59a14f
11030,Queens,#59a14f
11040,Queens,#59a14f
11042,Queens,#59a14f
11050,Queens,#59a14f
11096,Queens,#59a14f
11101,Queens,#59a14f
11102,Queens,#59a14f
11103,Queens,#59a14f
11104,Queens,#59a14f
11105,Queens,#59a14f
11106,Queens,#59a14f
11109,Queens,#59a14f
11354,Queens,#59a14f
11355,Queens,#59a14f
11356,Queens,#59a14f
11357,Queens,#59a14f
11358,Queens,#59a14f
11359,Queens,#59a14f
11360,Queens,#59a14f
11361,Queens,#59a14f
11362,Queens,#59a14f
11363,Queens,#59a14f
11364,Queens,#59a14f
11365,Queens,#59a14f
11366,Queens,#59a14f
11367,Queens,#59a14f
11368,Queens,#59a14f
11369,Queens,#59a14f
11370,Queens,#59a14f
11371,Queens,#59a14f
11372,Queens,#59a14f
11373,Queens,#59a14f
11374,Queens,#59a14f
11375,Queens,#59a14f
11377,Queens,#59a14f
11378,Queens,#59a14f
11379,Queens,#59a14f
11385,Queens,#59a14f
11411,Queens,#59a14f
11412,Queens,#59a14f
11413,Queens,#59a14f
11414,Queens,#59a14f
11415,Queens,#59a14f
11416,Queens,#59a14f
11417,Queens,#59a14f
11418,Queens,#59a14f
11419,Queens,#59a14f
11420,Queens,#59a14f
11421,Queens,#59a14f
11422,Queens,#59a14f
11423,Queens,#59a14f
11424,Queens,#59a14f
11426,Queens,#59a14f
11427,Queens,#59a14f
11428,Queens,#59a14f
11429,Queens,#59a14f
11430,Queens,#59a14f
11432,Queens,#59a14f
11433,Queens,#59a14f
11434,Queens,#59a14f
11435,Queens,#59a14f
11436,Queens,#59a14f
11439,Queens,#59a14f
11451,Queens,#59a14f
11691,Queens,#59a14f
11692,Queens,#59a14f
11693,Queens,#59a14f
11694,Queens,#59a14f
11697,Queens,#59a14f
07001,North Jersey,#e15759
07002,North Jersey,#e15759
07003,North Jersey,#e15759
07004,North Jersey,#e15759
07005,North Jersey,#e15759
07006,North Jersey,#e15759
07008,North Jersey,#e15759
07009,North Jersey,#e15759
07010,North Jersey,#e15759
07011,North Jersey,#e15759
07012,North Jersey,#e15759
07013,North Jersey,#e15759
07014,North Jersey,#e15759
07016,North Jersey,#e15759
07017,North Jersey,#e15759
07018,North Jersey,#e15759
07020,North Jersey,#e15759
07021,North Jersey,#e15759
07022,North Jersey,#e15759
07023,North Jersey,#e15759
07024,North Jersey,#e15759
07026,North Jersey,#e15759
07027,North Jersey,#e15759
07028,North Jersey,#e15759
07029,North Jersey,#e15759
07030,North Jersey,#e15759
07031,North Jersey,#e15759
07032,North Jersey,#e15759
07033,North Jersey,#e15759
07034,North Jersey,#e15759
07035,North Jersey,#e15759
07036,North Jersey,#e15759
07039,North Jersey,#e15759
07040,North Jersey,#e15759
07041,North Jersey,#e15759
07042,North Jersey,#e15759
07043,North Jersey,#e15759
07044,North Jersey,#e15759
07045,North Jersey,#e15759
07046,North Jersey,#e15759
07047,North Jersey,#e15759
07050,North Jersey,#e15759
07052,North Jersey,#e15759
07054,North Jersey,#e15759
07055,North Jersey,#e15759
07057,North Jersey,#e15759
07058,North Jersey,#e15759
07059,North Jersey,#e15759
07060,North Jersey,#e15759
07062,North Jersey,#e15759
07063,North Jersey,#e15759
07064,North Jersey,#e15759
07065,North Jersey,#e15759
07066,North Jersey,#e15759
07067,North Jersey,#e15759
07068,North Jersey,#e15759
07069,North Jersey,#e15759
07070,North Jersey,#e15759
07071,North Jersey,#e15759
07072,North Jersey,#e15759
07073,North Jersey,#e15759
07074,North Jersey,#e15759
07075,North Jersey,#e15759
07076,North Jersey,#e15759
07077,North Jersey,#e15759
07078,North Jersey,#e15759
07079,North Jersey,#e15759
07080,North Jersey,#e15759
07081,North Jersey,#e15759
07082,North Jersey,#e15759
07083,North Jersey,#e15759
07086,North Jersey,#e15759
07087,North Jersey,#e15759
07088,North Jersey,#e15759
07090,North Jersey,#e15759
07092,North Jersey,#e15759
07093,North Jersey,#e15759
07094,North Jersey,#e15759
07095,North Jersey,#e15759
07102,North Jersey,#e15759
07103,North Jersey,#e15759
07104,North Jersey,#e15759
07105,North Jersey,#e15759
07106,North Jersey,#e15759
07107,North Jersey,#e15759
07108,North Jersey,#e15759
07109,North Jersey,#e15759
07110,North Jersey,#e15759
07111,North Jersey,#e15759
07112,North Jersey,#e15759
07114,North Jersey,#e15759
07201,North Jersey,#e15759
07202,North Jersey,#e15759
07203,North Jersey,#e15759
07204,North Jersey,#e15759
07205,North Jersey,#e15759
07206,North Jersey,#e15759
07208,North Jersey,#e15759
07302,North Jersey,#e15759
07304,North Jersey,#e15759
07305,North Jersey,#e15759
07306,North Jersey,#e15759
07307,North Jersey,#e15759
07310,North Jersey,#e15759
07311,North Jersey,#e15759
